<drawing><figures><ent id="0"><children><r id="1" x="132" y="132" w="80" h="40"><a><fillColor><color rgba="#ffebffe8"/></fillColor></a></r><t id="2" x="157.0732421875" y="144.7080078125"><a><text><string>Libro</string></text></a></t></children></ent><ent id="3"><children><r id="4" x="427" y="132" w="80" h="40"><a><fillColor><color rgba="#ffebffe8"/></fillColor></a></r><t id="5" x="438.078125" y="144.7080078125"><a><text><string>Categoria</string></text></a></t></children></ent><ent id="6"><children><r id="7" x="149" y="362" w="80" h="40"><a><fillColor><color rgba="#ffebffe8"/></fillColor></a></r><t id="8" x="172.53515625" y="374.7080078125"><a><text><string>Autor</string></text></a></t></children></ent><atrchave id="9" nullable="false" attributeType="NUMBER"><children><e id="a" x="46" y="50" w="80" h="20"><a><fillColor><color rgba="#ffffebeb"/></fillColor></a></e><t id="b" x="68.8115234375" y="52.7080078125"><a><fontUnderlined><boolean>true</boolean></fontUnderlined><fontBold><boolean>true</boolean></fontBold><text><string>ISBN</string></text></a></t></children></atrchave><atrchave id="c" nullable="false" attributeType="NUMBER"><children><e id="d" x="386" y="54" w="139.419921875" h="20"><a><fillColor><color rgba="#ffffebeb"/></fillColor></a></e><t id="e" x="396" y="56.7080078125"><a><fontUnderlined><boolean>true</boolean></fontUnderlined><fontBold><boolean>true</boolean></fontBold><text><string>C&#xf3;digo_Categoria</string></text></a></t></children></atrchave><atr id="f" nullable="false" attributeType="VARCHAR2(128)"><children><e id="10" x="158" y="51" w="80" h="20"><a><fillColor><color rgba="#ffffebeb"/></fillColor></a></e><t id="11" x="158.9853515625" y="53.7080078125"><a><text><string>T&#xed;tulo_Ingles</string></text></a></t></children></atr><atr id="12" nullable="false" attributeType="VARCHAR2(128)"><children><e id="13" x="260" y="448" w="80" h="20"><a><fillColor><color rgba="#ffffebeb"/></fillColor></a></e><t id="14" x="276.1611328125" y="450.7080078125"><a><text><string>Nombre</string></text></a></t></children></atr><atr id="15" nullable="false" attributeType="VARCHAR2(128)"><children><e id="16" x="58" y="455" w="80" h="20"><a><fillColor><color rgba="#ffffebeb"/></fillColor></a></e><t id="17" x="59.720703125" y="457.7080078125"><a><text><string>Nacionalidad</string></text></a></t></children></atr><atr id="18" nullable="false" attributeType="VARCHAR2(128)"><children><e id="19" x="427" y="208" w="80" h="20"><a><fillColor><color rgba="#ffffebeb"/></fillColor></a></e><t id="1a" x="432.39453125" y="210.7080078125"><a><text><string>Descripci&#xf3;n</string></text></a></t></children></atr><atr id="1b" nullable="false" attributeType="VARCHAR2(128)"><children><e id="1c" x="-5" y="181" w="114.072265625" h="20"><a><fillColor><color rgba="#ffffebeb"/></fillColor></a></e><t id="1d" x="3.294921875" y="183.7080078125"><a><text><string>A&#xf1;o_Publicaci&#xf3;n</string></text></a></t></children></atr><atr id="1e" nullable="false" attributeType="VARCHAR2(128)"><children><e id="1f" x="-1" y="100" w="104.498046875" h="20"><a><fillColor><color rgba="#ffffebeb"/></fillColor></a></e><t id="20" x="7.294921875" y="102.7080078125"><a><text><string>Titulo_Espa&#xf1;ol</string></text></a></t></children></atr><rel id="21"><children><diamond id="22" x="99" y="265" w="80" h="40"><a><fillColor><color rgba="#ffddddff"/></fillColor></a></diamond><t id="23" x="124.0439453125" y="277.7080078125"><a><text><string>tiene</string></text></a></t></children></rel><rel id="24"><children><diamond id="25" x="265" y="185" w="80" h="40"><a><fillColor><color rgba="#ffddddff"/></fillColor></a></diamond><t id="26" x="275.1171875" y="197.7080078125"><a><text><string>pertenece</string></text></a></t></children></rel><rel id="27"><children><diamond id="28" x="265" y="96" w="80" h="40"><a><fillColor><color rgba="#ffddddff"/></fillColor></a></diamond><t id="29" x="278.873046875" y="108.7080078125"><a><text><string>asociado</string></text></a></t></children></rel><rel id="2a"><children><diamond id="2b" x="199" y="265" w="80" h="40"><a><fillColor><color rgba="#ffddddff"/></fillColor></a></diamond><t id="2c" x="218.9609375" y="277.7080078125"><a><text><string>escrito</string></text></a></t></children></rel><llabelDoubleUm id="2d"><points><p colinear="true" x="265" y="189.06015037593986" c1x="54" c1y="6" c2x="54" c2y="6"/><p colinear="true" x="212" y="167.93984962406014" c1x="54" c1y="6" c2x="54" c2y="6"/></points><startConnector><rConnector id="2e"><Owner><rel ref="24"/></Owner></rConnector></startConnector><endConnector><rConnector id="2f"><Owner><ent ref="0"/></Owner></rConnector></endConnector><a><innerStrokeWidthFactor><double>3</double></innerStrokeWidthFactor></a></llabelDoubleUm><llabelDoubleMuitos id="30"><points><p colinear="true" x="265" y="126.82706766917293" c1x="54" c1y="6" c2x="54" c2y="6"/><p colinear="true" x="212" y="141.17293233082708" c1x="54" c1y="6" c2x="54" c2y="6"/></points><startConnector><rConnector id="31"><Owner><rel ref="27"/></Owner></rConnector></startConnector><endConnector><rConnector id="32"><Owner><ent ref="0"/></Owner></rConnector></endConnector><a><innerStrokeWidthFactor><double>3</double></innerStrokeWidthFactor><text><string>N</string></text></a></llabelDoubleMuitos><llabelDoubleUm id="33"><points><p colinear="true" x="345" y="124.88888888888889" c1x="136" c1y="12" c2x="136" c2y="12"/><p colinear="true" x="427" y="143.11111111111111" c1x="136" c1y="12" c2x="136" c2y="12"/></points><startConnector><rConnector id="34"><Owner><rel ref="27"/></Owner></rConnector></startConnector><endConnector><rConnector id="35"><Owner><ent ref="3"/></Owner></rConnector></endConnector><a><innerStrokeWidthFactor><double>3</double></innerStrokeWidthFactor></a></llabelDoubleUm><llabelDoubleUm id="36"><points><p colinear="true" x="345" y="191.91358024691357" c1x="136" c1y="12" c2x="136" c2y="12"/><p colinear="true" x="427" y="165.08641975308643" c1x="136" c1y="12" c2x="136" c2y="12"/></points><startConnector><rConnector id="37"><Owner><rel ref="24"/></Owner></rConnector></startConnector><endConnector><rConnector id="38"><Owner><ent ref="3"/></Owner></rConnector></endConnector><a><innerStrokeWidthFactor><double>3</double></innerStrokeWidthFactor></a></llabelDoubleUm><llabelDoubleUm id="39"><points><p colinear="true" x="228.9248120300752" y="265" c1x="54" c1y="6" c2x="54" c2y="6"/><p colinear="true" x="182.0751879699248" y="172" c1x="54" c1y="6" c2x="54" c2y="6"/></points><startConnector><rConnector id="3a"><Owner><rel ref="2a"/></Owner></rConnector></startConnector><endConnector><rConnector id="3b"><Owner><ent ref="0"/></Owner></rConnector></endConnector><a><innerStrokeWidthFactor><double>3</double></innerStrokeWidthFactor></a></llabelDoubleUm><llabelDoubleMuitos id="3c"><points><p colinear="true" x="228.69072164948452" y="305" c1x="54" c1y="6" c2x="54" c2y="6"/><p colinear="true" x="199.30927835051546" y="362" c1x="54" c1y="6" c2x="54" c2y="6"/></points><startConnector><rConnector id="3d"><Owner><rel ref="2a"/></Owner></rConnector></startConnector><endConnector><rConnector id="3e"><Owner><ent ref="6"/></Owner></rConnector></endConnector><a><innerStrokeWidthFactor><double>3</double></innerStrokeWidthFactor><text><string>N</string></text></a></llabelDoubleMuitos><llabelDoubleUm id="3f"><points><p colinear="true" x="149.30927835051546" y="305" c1x="54" c1y="6" c2x="54" c2y="6"/><p colinear="true" x="178.69072164948452" y="362" c1x="54" c1y="6" c2x="54" c2y="6"/></points><startConnector><rConnector id="40"><Owner><rel ref="21"/></Owner></rConnector></startConnector><endConnector><rConnector id="41"><Owner><ent ref="6"/></Owner></rConnector></endConnector><a><innerStrokeWidthFactor><double>3</double></innerStrokeWidthFactor></a></llabelDoubleUm><llabelDoubleMuitos id="42"><points><p colinear="true" x="143.96240601503757" y="265" c1x="54" c1y="6" c2x="54" c2y="6"/><p colinear="true" x="167.0375939849624" y="172" c1x="54" c1y="6" c2x="54" c2y="6"/></points><startConnector><rConnector id="43"><Owner><rel ref="21"/></Owner></rConnector></startConnector><endConnector><rConnector id="44"><Owner><ent ref="0"/></Owner></rConnector></endConnector><a><innerStrokeWidthFactor><double>3</double></innerStrokeWidthFactor><text><string>N</string></text></a></llabelDoubleMuitos><lcaf id="45"><points><p colinear="true" x="82.79609875801282" y="181" c1x="54" c1y="6" c2x="54" c2y="6"/><p colinear="true" x="132" y="165.00391556702456" c1x="54" c1y="6" c2x="54" c2y="6"/></points><startConnector><rConnector id="46"><Owner><atr ref="1b"/></Owner></rConnector></startConnector><endConnector><rConnector id="47"><Owner><ent ref="0"/></Owner></rConnector></endConnector></lcaf><lcaf id="48"><points><p colinear="true" x="79.99925595238095" y="120" c1x="54" c1y="6" c2x="54" c2y="6"/><p colinear="true" x="132" y="138.08706904220819" c1x="54" c1y="6" c2x="54" c2y="6"/></points><startConnector><rConnector id="49"><Owner><atr ref="1e"/></Owner></rConnector></startConnector><endConnector><rConnector id="4a"><Owner><ent ref="0"/></Owner></rConnector></endConnector></lcaf><lcaf id="4b"><points><p colinear="true" x="95.34782608695653" y="70" c1x="54" c1y="6" c2x="54" c2y="6"/><p colinear="true" x="153.30434782608697" y="132" c1x="54" c1y="6" c2x="54" c2y="6"/></points><startConnector><rConnector id="4c"><Owner><atrchave ref="9"/></Owner></rConnector></startConnector><endConnector><rConnector id="4d"><Owner><ent ref="0"/></Owner></rConnector></endConnector></lcaf><lcaf id="4e"><points><p colinear="true" x="195.14285714285714" y="71" c1x="54" c1y="6" c2x="54" c2y="6"/><p colinear="true" x="177.71428571428572" y="132" c1x="54" c1y="6" c2x="54" c2y="6"/></points><startConnector><rConnector id="4f"><Owner><atr ref="f"/></Owner></rConnector></startConnector><endConnector><rConnector id="50"><Owner><ent ref="0"/></Owner></rConnector></endConnector></lcaf><lcaf id="51"><points><p colinear="true" x="456.992919921875" y="74" c1x="136" c1y="12" c2x="136" c2y="12"/><p colinear="true" x="464.43408203125" y="132" c1x="136" c1y="12" c2x="136" c2y="12"/></points><startConnector><rConnector id="52"><Owner><atrchave ref="c"/></Owner></rConnector></startConnector><endConnector><rConnector id="53"><Owner><ent ref="3"/></Owner></rConnector></endConnector></lcaf><lcaf id="54"><points><p colinear="true" x="467" y="172" c1x="136" c1y="12" c2x="136" c2y="12"/><p colinear="true" x="467" y="208" c1x="136" c1y="12" c2x="136" c2y="12"/></points><startConnector><rConnector id="55"><Owner><ent ref="3"/></Owner></rConnector></startConnector><endConnector><rConnector id="56"><Owner><atr ref="18"/></Owner></rConnector></endConnector></lcaf><lcaf id="57"><points><p colinear="true" x="167.0722891566265" y="402" c1x="54" c1y="6" c2x="54" c2y="6"/><p colinear="true" x="108.96385542168676" y="455" c1x="54" c1y="6" c2x="54" c2y="6"/></points><startConnector><rConnector id="58"><Owner><ent ref="6"/></Owner></rConnector></startConnector><endConnector><rConnector id="59"><Owner><atr ref="15"/></Owner></rConnector></endConnector></lcaf><lcaf id="5a"><points><p colinear="true" x="218.21052631578948" y="402" c1x="54" c1y="6" c2x="54" c2y="6"/><p colinear="true" x="285.39473684210526" y="448" c1x="54" c1y="6" c2x="54" c2y="6"/></points><startConnector><rConnector id="5b"><Owner><ent ref="6"/></Owner></rConnector></startConnector><endConnector><rConnector id="5c"><Owner><atr ref="12"/></Owner></rConnector></endConnector></lcaf><atrchave id="5d" nullable="false" attributeType="NUMBER"><children><e id="5e" x="36" y="375" w="80" h="20"><a><fillColor><color rgba="#ffffebeb"/></fillColor></a></e><t id="5f" x="62.6640625" y="377.7080078125"><a><fontUnderlined><boolean>true</boolean></fontUnderlined><fontBold><boolean>true</boolean></fontBold><text><string>DNI</string></text></a></t></children></atrchave><lcaf id="60"><points><p colinear="true" x="116" y="383.9380530973451" c1x="0" c1y="0" c2x="0" c2y="0"/><p colinear="true" x="149" y="383.0619469026549" c1x="0" c1y="0" c2x="0" c2y="0"/></points><startConnector><rConnector id="61"><Owner><atrchave ref="5d"/></Owner></rConnector></startConnector><endConnector><rConnector id="62"><Owner><ent ref="6"/></Owner></rConnector></endConnector></lcaf></figures></drawing>