<drawing><figures><ent id="0"><children><r id="1" x="128" y="97" w="80" h="40"><a><fillColor><color rgba="#ffebffe8"/></fillColor></a></r><t id="2" x="138.38671875" y="109.7080078125"><a><text><string>Productos</string></text></a></t></children></ent><atrchave id="3" nullable="false" attributeType="NUMBER"><children><e id="4" x="125" y="33" w="80" h="20"><a><fillColor><color rgba="#ffffebeb"/></fillColor></a></e><t id="5" x="141.978515625" y="35.7080078125"><a><fontUnderlined><boolean>true</boolean></fontUnderlined><fontBold><boolean>true</boolean></fontBold><text><string>C&#xf3;digo</string></text></a></t></children></atrchave><lcaf id="6"><points><p colinear="true" x="165.40540540540542" y="53" c1x="32" c1y="2" c2x="32" c2y="2"/><p colinear="true" x="167.1891891891892" y="97" c1x="32" c1y="2" c2x="32" c2y="2"/></points><startConnector><rConnector id="7"><Owner><atrchave ref="3"/></Owner></rConnector></startConnector><endConnector><rConnector id="8"><Owner><ent ref="0"/></Owner></rConnector></endConnector></lcaf><atr id="9" nullable="false" attributeType="VARCHAR2(128)"><children><e id="a" x="1" y="105" w="80" h="20"><a><fillColor><color rgba="#ffffebeb"/></fillColor></a></e><t id="b" x="17.1611328125" y="107.7080078125"><a><text><string>Nombre</string></text></a></t></children></atr><lcaf id="c"><points><p colinear="true" x="81" y="115.62992125984252" c1x="0" c1y="0" c2x="0" c2y="0"/><p colinear="true" x="128" y="116.37007874015748" c1x="0" c1y="0" c2x="0" c2y="0"/></points><startConnector><rConnector id="d"><Owner><atr ref="9"/></Owner></rConnector></startConnector><endConnector><rConnector id="e"><Owner><ent ref="0"/></Owner></rConnector></endConnector></lcaf><ent id="f"><children><r id="10" x="131" y="267" w="80" h="40"><a><fillColor><color rgba="#ffebffe8"/></fillColor></a></r><t id="11" x="144.767578125" y="279.7080078125"><a><text><string>Empresa</string></text></a></t></children></ent><rel id="12"><children><diamond id="13" x="130" y="188" w="80" h="40"><a><fillColor><color rgba="#ffddddff"/></fillColor></a></diamond><t id="14" x="151.765625" y="200.7080078125"><a><text><string>vende</string></text></a></t></children></rel><ent id="15"><children><r id="16" x="135" y="409" w="80" h="40"><a><fillColor><color rgba="#ffebffe8"/></fillColor></a></r><t id="17" x="151.08203125" y="421.7080078125"><a><text><string>Clientes</string></text></a></t></children></ent><ent id="18"><children><r id="19" x="382" y="100" w="80" h="40"><a><fillColor><color rgba="#ffebffe8"/></fillColor></a></r><t id="1a" x="398.9169921875" y="112.7080078125"><a><text><string>Pedidos</string></text></a></t></children></ent><atr id="1b" nullable="false" attributeType="VARCHAR2(128)"><children><e id="1c" x="28" y="163" w="80" h="20"><a><fillColor><color rgba="#ffffebeb"/></fillColor></a></e><t id="1d" x="49.8330078125" y="165.7080078125"><a><text><string>Precio</string></text></a></t></children></atr><lcaf id="1e"><points><p colinear="true" x="132.28571428571428" y="137" c1x="0" c1y="0" c2x="0" c2y="0"/><p colinear="true" x="85.85714285714286" y="163" c1x="0" c1y="0" c2x="0" c2y="0"/></points><startConnector><rConnector id="1f"><Owner><ent ref="0"/></Owner></rConnector></startConnector><endConnector><rConnector id="20"><Owner><atr ref="1b"/></Owner></rConnector></endConnector></lcaf><rel id="21"><children><diamond id="22" x="134" y="340" w="80" h="40"><a><fillColor><color rgba="#ffddddff"/></fillColor></a></diamond><t id="23" x="159.0439453125" y="352.7080078125"><a><text><string>tiene</string></text></a></t></children></rel><atrchave id="24" nullable="false" attributeType="NUMBER"><children><e id="25" x="16" y="394" w="80" h="20"><a><fillColor><color rgba="#ffffebeb"/></fillColor></a></e><t id="26" x="32.978515625" y="396.7080078125"><a><fontUnderlined><boolean>true</boolean></fontUnderlined><fontBold><boolean>true</boolean></fontBold><text><string>C&#xf3;digo</string></text></a></t></children></atrchave><atr id="27" nullable="false" attributeType="VARCHAR2(128)"><children><e id="28" x="7" y="437" w="80" h="20"><a><fillColor><color rgba="#ffffebeb"/></fillColor></a></e><t id="29" x="23.1611328125" y="439.7080078125"><a><text><string>Nombre</string></text></a></t></children></atr><atr id="2a" nullable="false" attributeType="VARCHAR2(128)"><children><e id="2b" x="66" y="513" w="80" h="20"><a><fillColor><color rgba="#ffffebeb"/></fillColor></a></e><t id="2c" x="80.318359375" y="515.7080078125"><a><text><string>Tel&#xe9;fono</string></text></a></t></children></atr><atr id="2d" nullable="false" attributeType="VARCHAR2(128)"><children><e id="2e" x="117" y="541" w="80" h="20"><a><fillColor><color rgba="#ffffebeb"/></fillColor></a></e><t id="2f" x="136.732421875" y="543.7080078125"><a><text><string>Estado</string></text></a></t></children></atr><atr id="30" nullable="false" attributeType="VARCHAR2(128)"><children><e id="31" x="208" y="538" w="129.951171875" h="20"><a><fillColor><color rgba="#ffffebeb"/></fillColor></a></e><t id="32" x="218" y="540.7080078125"><a><text><string>Correo electr&#xf3;nico</string></text></a></t></children></atr><atr id="33" nullable="false" attributeType="VARCHAR2(128)"><children><e id="34" x="266" y="489" w="80" h="20"><a><fillColor><color rgba="#ffffebeb"/></fillColor></a></e><t id="35" x="291.1259765625" y="491.7080078125"><a><text><string>Edad</string></text></a></t></children></atr><atr id="36" nullable="false" attributeType="VARCHAR2(128)"><children><e id="37" x="257" y="444" w="121.1796875" h="20"><a><fillColor><color rgba="#ffffebeb"/></fillColor></a></e><t id="38" x="267" y="446.7080078125"><a><text><string>L&#xed;mite de cr&#xe9;dito</string></text></a></t></children></atr><atr id="39" nullable="false" attributeType="VARCHAR2(128)"><children><e id="3a" x="31" y="473" w="80" h="20"><a><fillColor><color rgba="#ffffebeb"/></fillColor></a></e><t id="3b" x="43.2587890625" y="475.7080078125"><a><text><string>Direcci&#xf3;n</string></text></a></t></children></atr><lcaf id="3c"><points><p colinear="true" x="215" y="436.0131222091335" c1x="0" c1y="0" c2x="0" c2y="0"/><p colinear="true" x="260.55390625" y="444" c1x="0" c1y="0" c2x="0" c2y="0"/></points><startConnector><rConnector id="3d"><Owner><ent ref="15"/></Owner></rConnector></startConnector><endConnector><rConnector id="3e"><Owner><atr ref="36"/></Owner></rConnector></endConnector></lcaf><lcaf id="3f"><points><p colinear="true" x="212.42857142857142" y="449" c1x="0" c1y="0" c2x="0" c2y="0"/><p colinear="true" x="287.2857142857143" y="489" c1x="0" c1y="0" c2x="0" c2y="0"/></points><startConnector><rConnector id="40"><Owner><ent ref="15"/></Owner></rConnector></startConnector><endConnector><rConnector id="41"><Owner><atr ref="33"/></Owner></rConnector></endConnector></lcaf><lcaf id="42"><points><p colinear="true" x="191.4664850315126" y="449" c1x="0" c1y="0" c2x="0" c2y="0"/><p colinear="true" x="264.74234342174367" y="538" c1x="0" c1y="0" c2x="0" c2y="0"/></points><startConnector><rConnector id="43"><Owner><ent ref="15"/></Owner></rConnector></startConnector><endConnector><rConnector id="44"><Owner><atr ref="30"/></Owner></rConnector></endConnector></lcaf><lcaf id="45"><points><p colinear="true" x="172.04918032786884" y="449" c1x="0" c1y="0" c2x="0" c2y="0"/><p colinear="true" x="158.47540983606558" y="541" c1x="0" c1y="0" c2x="0" c2y="0"/></points><startConnector><rConnector id="46"><Owner><ent ref="15"/></Owner></rConnector></startConnector><endConnector><rConnector id="47"><Owner><atr ref="2d"/></Owner></rConnector></endConnector></lcaf><lcaf id="48"><points><p colinear="true" x="160.3191489361702" y="449" c1x="0" c1y="0" c2x="0" c2y="0"/><p colinear="true" x="113.34042553191489" y="513" c1x="0" c1y="0" c2x="0" c2y="0"/></points><startConnector><rConnector id="49"><Owner><ent ref="15"/></Owner></rConnector></startConnector><endConnector><rConnector id="4a"><Owner><atr ref="2a"/></Owner></rConnector></endConnector></lcaf><lcaf id="4b"><points><p colinear="true" x="136.48148148148147" y="449" c1x="0" c1y="0" c2x="0" c2y="0"/><p colinear="true" x="90.25925925925925" y="473" c1x="0" c1y="0" c2x="0" c2y="0"/></points><startConnector><rConnector id="4c"><Owner><ent ref="15"/></Owner></rConnector></startConnector><endConnector><rConnector id="4d"><Owner><atr ref="39"/></Owner></rConnector></endConnector></lcaf><lcaf id="4e"><points><p colinear="true" x="135" y="420.5966386554622" c1x="0" c1y="0" c2x="0" c2y="0"/><p colinear="true" x="96" y="412.4033613445378" c1x="0" c1y="0" c2x="0" c2y="0"/></points><startConnector><rConnector id="4f"><Owner><ent ref="15"/></Owner></rConnector></startConnector><endConnector><rConnector id="50"><Owner><atrchave ref="24"/></Owner></rConnector></endConnector></lcaf><lcaf id="51"><points><p colinear="true" x="135" y="434.625" c1x="0" c1y="0" c2x="0" c2y="0"/><p colinear="true" x="87" y="441.375" c1x="0" c1y="0" c2x="0" c2y="0"/></points><startConnector><rConnector id="52"><Owner><ent ref="15"/></Owner></rConnector></startConnector><endConnector><rConnector id="53"><Owner><atr ref="27"/></Owner></rConnector></endConnector></lcaf><atrchave id="54" nullable="false" attributeType="NUMBER"><children><e id="55" x="312" y="12" w="80" h="20"><a><fillColor><color rgba="#ffffebeb"/></fillColor></a></e><t id="56" x="325.2109375" y="14.7080078125"><a><fontUnderlined><boolean>true</boolean></fontUnderlined><fontBold><boolean>true</boolean></fontBold><text><string>N&#xfa;mero</string></text></a></t></children></atrchave><atr id="57" nullable="false" attributeType="VARCHAR2(128)"><children><e id="58" x="405" y="18" w="80" h="20"><a><fillColor><color rgba="#ffffebeb"/></fillColor></a></e><t id="59" x="427.451171875" y="20.7080078125"><a><text><string>Fecha</string></text></a></t></children></atr><rel id="5a"><children><diamond id="5b" x="257" y="101" w="80" h="40"><a><fillColor><color rgba="#ffddddff"/></fillColor></a></diamond><t id="5c" x="275.8623046875" y="113.7080078125"><a><text><string>incluye</string></text></a></t></children></rel><atr id="5d" nullable="false" attributeType="VARCHAR2(128)"><children><e id="5e" x="254" y="52" w="80" h="20"><a><fillColor><color rgba="#ffffebeb"/></fillColor></a></e><t id="5f" x="267.3193359375" y="54.7080078125"><a><text><string>Cantidad</string></text></a></t></children></atr><lcaf id="60"><points><p colinear="true" x="359.14285714285717" y="32" c1x="0" c1y="0" c2x="0" c2y="0"/><p colinear="true" x="407.7142857142857" y="100" c1x="0" c1y="0" c2x="0" c2y="0"/></points><startConnector><rConnector id="61"><Owner><atrchave ref="54"/></Owner></rConnector></startConnector><endConnector><rConnector id="62"><Owner><ent ref="18"/></Owner></rConnector></endConnector></lcaf><lcaf id="63"><points><p colinear="true" x="442.5" y="38" c1x="0" c1y="0" c2x="0" c2y="0"/><p colinear="true" x="427" y="100" c1x="0" c1y="0" c2x="0" c2y="0"/></points><startConnector><rConnector id="64"><Owner><atr ref="57"/></Owner></rConnector></startConnector><endConnector><rConnector id="65"><Owner><ent ref="18"/></Owner></rConnector></endConnector></lcaf><llabelDoubleMuitos id="66"><points><p colinear="true" x="257" y="119.75968992248062" c1x="0" c1y="0" c2x="0" c2y="0"/><p colinear="true" x="208" y="118.24031007751938" c1x="0" c1y="0" c2x="0" c2y="0"/></points><startConnector><rConnector id="67"><Owner><rel ref="5a"/></Owner></rConnector></startConnector><endConnector><rConnector id="68"><Owner><ent ref="0"/></Owner></rConnector></endConnector><a><innerStrokeWidthFactor><double>3</double></innerStrokeWidthFactor><text><string>N</string></text></a></llabelDoubleMuitos><llabelUm id="69"><points><p colinear="true" x="337" y="120.68" c1x="0" c1y="0" c2x="0" c2y="0"/><p colinear="true" x="382" y="120.32" c1x="0" c1y="0" c2x="0" c2y="0"/></points><startConnector><rConnector id="6a"><Owner><rel ref="5a"/></Owner></rConnector></startConnector><endConnector><rConnector id="6b"><Owner><ent ref="18"/></Owner></rConnector></endConnector></llabelUm><lcaf id="6c"><points><p colinear="true" x="294.50847457627117" y="72" c1x="0" c1y="0" c2x="0" c2y="0"/><p colinear="true" x="295.9830508474576" y="101" c1x="0" c1y="0" c2x="0" c2y="0"/></points><startConnector><rConnector id="6d"><Owner><atr ref="5d"/></Owner></rConnector></startConnector><endConnector><rConnector id="6e"><Owner><rel ref="5a"/></Owner></rConnector></endConnector></lcaf><atr id="6f" nullable="false" attributeType="VARCHAR2(128)"><children><e id="70" x="9" y="44" w="80" h="20"><a><fillColor><color rgba="#ffffebeb"/></fillColor></a></e><t id="71" x="20.078125" y="46.7080078125"><a><text><string>Categoria</string></text></a></t></children></atr><lcaf id="72"><points><p colinear="true" x="67.88888888888889" y="64" c1x="0" c1y="0" c2x="0" c2y="0"/><p colinear="true" x="130.22222222222223" y="97" c1x="0" c1y="0" c2x="0" c2y="0"/></points><startConnector><rConnector id="73"><Owner><atr ref="6f"/></Owner></rConnector></startConnector><endConnector><rConnector id="74"><Owner><ent ref="0"/></Owner></rConnector></endConnector></lcaf><llabelUm id="75"><points><p colinear="true" x="170.25316455696202" y="228" c1x="0" c1y="0" c2x="0" c2y="0"/><p colinear="true" x="170.74683544303798" y="267" c1x="0" c1y="0" c2x="0" c2y="0"/></points><startConnector><rConnector id="76"><Owner><rel ref="12"/></Owner></rConnector></startConnector><endConnector><rConnector id="77"><Owner><ent ref="f"/></Owner></rConnector></endConnector></llabelUm><llabelDoubleMuitos id="78"><points><p colinear="true" x="169.56043956043956" y="188" c1x="0" c1y="0" c2x="0" c2y="0"/><p colinear="true" x="168.43956043956044" y="137" c1x="0" c1y="0" c2x="0" c2y="0"/></points><startConnector><rConnector id="79"><Owner><rel ref="12"/></Owner></rConnector></startConnector><endConnector><rConnector id="7a"><Owner><ent ref="0"/></Owner></rConnector></endConnector><a><innerStrokeWidthFactor><double>3</double></innerStrokeWidthFactor><text><string>N</string></text></a></llabelDoubleMuitos><llabelUm id="7b"><points><p colinear="true" x="173.17808219178082" y="340" c1x="0" c1y="0" c2x="0" c2y="0"/><p colinear="true" x="171.82191780821918" y="307" c1x="0" c1y="0" c2x="0" c2y="0"/></points><startConnector><rConnector id="7c"><Owner><rel ref="21"/></Owner></rConnector></startConnector><endConnector><rConnector id="7d"><Owner><ent ref="f"/></Owner></rConnector></endConnector></llabelUm><llabelDoubleMuitos id="7e"><points><p colinear="true" x="174.28985507246375" y="380" c1x="0" c1y="0" c2x="0" c2y="0"/><p colinear="true" x="174.71014492753622" y="409" c1x="0" c1y="0" c2x="0" c2y="0"/></points><startConnector><rConnector id="7f"><Owner><rel ref="21"/></Owner></rConnector></startConnector><endConnector><rConnector id="80"><Owner><ent ref="15"/></Owner></rConnector></endConnector><a><innerStrokeWidthFactor><double>3</double></innerStrokeWidthFactor><text><string>N</string></text></a></llabelDoubleMuitos></figures></drawing>